threads	fragwobtree
1	45.98123965	
2	46.37251038	
4	44.64335539	
8	40.13223572	
16	34.99998906	
32	18.74091505	
