threads	fragwobtree
1	45.98123965
2	92.74502075
4	178.5734216
8	321.0578857
16	559.999825
32	599.7092816
